<shortcuts>
	<shortcut>
		<defaultID />
		<label> Xmas Movies</label>
		<label2>Video Add-On</label2>
		<icon>DefaultShortcut.png</icon>
		<thumb>image://https%3a%2f%2ffiledn.com%2fl0jm1ttNAy54e9NylPPsPVk%2fDocs%2fPics%2fChristmas%2fsanta.png/</thumb>
		<action>ActivateWindow(Videos,"plugin://plugin.video.morbius/?mode=189&amp;iconimage=https%3A%2F%2Ffiledn.com%2Fl0jm1ttNAy54e9NylPPsPVk%2FDocs%2FPics%2FChristmas%2Fsanta.png&amp;fanart=https%3A%2F%2Ffiledn.com%2Fl0jm1ttNAy54e9NylPPsPVk%2FDocs%2FPics%2FChristmas%2Fsanta.jpg&amp;description=+&amp;url=https%3A%2F%2Ffiledn.com%2Fl0jm1ttNAy54e9NylPPsPVk%2FDocs%2Fxmls%2Fbuilds%2FMorbius%2Fchristmas_movies.xml&amp;name=+Christmas+Movies&amp;image_master=&amp;heb_name=+&amp;last_id=&amp;dates=+&amp;data=&amp;original_title=+Christmas+Movies&amp;id=&amp;season=+&amp;episode=+&amp;tmdbid=+&amp;eng_name=+&amp;show_original_year=+&amp;isr=0&amp;fav_status=false&amp;all_w=%7B%7D&amp;search_db=&amp;mypass=&amp;iconimage=https%3A%2F%2Ffiledn.com%2Fl0jm1ttNAy54e9NylPPsPVk%2FDocs%2FPics%2FChristmas%2Fsanta.png&amp;fanart=https%3A%2F%2Ffiledn.com%2Fl0jm1ttNAy54e9NylPPsPVk%2FDocs%2FPics%2FChristmas%2Fsanta.jpg&amp;description=+&amp;url=https%3A%2F%2Ffiledn.com%2Fl0jm1ttNAy54e9NylPPsPVk%2FDocs%2Fxmls%2Fbuilds%2FMorbius%2Fchristmas_movies.xml&amp;name=+Christmas+Movies&amp;image_master=&amp;heb_name=+&amp;last_id=&amp;dates=+&amp;data=&amp;original_title=+Christmas+Movies&amp;id=&amp;season=+&amp;episode=+&amp;tmdbid=+&amp;eng_name=+&amp;show_original_year=+&amp;fav_status=false&amp;all_w=%7B%7D&amp;search_db=&amp;mypass=&amp;video_data=%7B%22title%22%3A+%22+Christmas+Movies%22%2C+%22mediatype%22%3A+%22movie%22%2C+%22TVshowtitle%22%3A+%22%22%2C+%22season%22%3A+0%2C+%22episode%22%3A+0%2C+%22OriginalTitle%22%3A+%22+Christmas+Movies%22%2C+%22year%22%3A+%22%22%2C+%22rating%22%3A+%220%22%2C+%22plot%22%3A+%22+%22%2C+%22Tag%22%3A+%22189%22%2C+%22trailer%22%3A+%22%22%2C+%22id%22%3A+%22%22%7D&amp;video_data=%7B%22title%22%3A+%22+Christmas+Movies%22%2C+%22mediatype%22%3A+%22movie%22%2C+%22TVshowtitle%22%3A+%22%22%2C+%22season%22%3A+0%2C+%22episode%22%3A+0%2C+%22OriginalTitle%22%3A+%22+Christmas+Movies%22%2C+%22year%22%3A+%22%22%2C+%22rating%22%3A+%220%22%2C+%22plot%22%3A+%22+%22%2C+%22Tag%22%3A+%22189%22%2C+%22trailer%22%3A+%22%22%2C+%22id%22%3A+%22%22%7D",return)</action>
		</shortcut>
	<shortcut>
		<defaultID />
		<label>Xmas Collections</label>
		<label2>Video Add-On</label2>
		<icon>DefaultShortcut.png</icon>
		<thumb>image://https%3a%2f%2fwww.themoviedb.org%2ft%2fp%2foriginal%2fbFntIQxWBwtzYAFc68xF1GKAfiv.jpg/</thumb>
		<action>ActivateWindow(Videos,"plugin://plugin.video.morbius/?mode=189&amp;iconimage=https%3A%2F%2Fwww.themoviedb.org%2Ft%2Fp%2Foriginal%2FbFntIQxWBwtzYAFc68xF1GKAfiv.jpg&amp;fanart=https%3A%2F%2Fwww.themoviedb.org%2Ft%2Fp%2Foriginal%2FtiRwbgpgr3bAq66SAf86C0R90nY.jpg&amp;description=+&amp;url=https%3A%2F%2Ffiledn.com%2Fl0jm1ttNAy54e9NylPPsPVk%2FDocs%2Fxmls%2Fbuilds%2FMorbius%2Fchristmas_collections.xml&amp;name=Christmas+Collections&amp;image_master=&amp;heb_name=+&amp;last_id=&amp;dates=+&amp;data=&amp;original_title=Christmas+Collections&amp;id=&amp;season=+&amp;episode=+&amp;tmdbid=+&amp;eng_name=+&amp;show_original_year=+&amp;isr=0&amp;fav_status=false&amp;all_w=%7B%7D&amp;search_db=&amp;mypass=&amp;iconimage=https%3A%2F%2Fwww.themoviedb.org%2Ft%2Fp%2Foriginal%2FbFntIQxWBwtzYAFc68xF1GKAfiv.jpg&amp;fanart=https%3A%2F%2Fwww.themoviedb.org%2Ft%2Fp%2Foriginal%2FtiRwbgpgr3bAq66SAf86C0R90nY.jpg&amp;description=+&amp;url=https%3A%2F%2Ffiledn.com%2Fl0jm1ttNAy54e9NylPPsPVk%2FDocs%2Fxmls%2Fbuilds%2FMorbius%2Fchristmas_collections.xml&amp;name=Christmas+Collections&amp;image_master=&amp;heb_name=+&amp;last_id=&amp;dates=+&amp;data=&amp;original_title=Christmas+Collections&amp;id=&amp;season=+&amp;episode=+&amp;tmdbid=+&amp;eng_name=+&amp;show_original_year=+&amp;fav_status=false&amp;all_w=%7B%7D&amp;search_db=&amp;mypass=&amp;video_data=%7B%22title%22%3A+%22Christmas+Collections%22%2C+%22mediatype%22%3A+%22movie%22%2C+%22TVshowtitle%22%3A+%22%22%2C+%22season%22%3A+0%2C+%22episode%22%3A+0%2C+%22OriginalTitle%22%3A+%22Christmas+Collections%22%2C+%22year%22%3A+%22%22%2C+%22rating%22%3A+%220%22%2C+%22plot%22%3A+%22+%22%2C+%22Tag%22%3A+%22189%22%2C+%22trailer%22%3A+%22%22%2C+%22id%22%3A+%22%22%7D&amp;video_data=%7B%22title%22%3A+%22Christmas+Collections%22%2C+%22mediatype%22%3A+%22movie%22%2C+%22TVshowtitle%22%3A+%22%22%2C+%22season%22%3A+0%2C+%22episode%22%3A+0%2C+%22OriginalTitle%22%3A+%22Christmas+Collections%22%2C+%22year%22%3A+%22%22%2C+%22rating%22%3A+%220%22%2C+%22plot%22%3A+%22+%22%2C+%22Tag%22%3A+%22189%22%2C+%22trailer%22%3A+%22%22%2C+%22id%22%3A+%22%22%7D",return)</action>
		</shortcut>
	<shortcut>
		<defaultID />
		<label>IMDB Xmas Movies</label>
		<label2>Video Add-On</label2>
		<icon>DefaultShortcut.png</icon>
		<thumb>image://DefaultVideoPlaylists.png/</thumb>
		<action>ActivateWindow(Videos,"plugin://plugin.video.umbrella/?action=movies&amp;folderName=IMDB+Christmas+Movies&amp;url=https%3A%2F%2Fwww.imdb.com%2Flist%2Fls526658112%2F%3Fref_%3Duspf_i_1%2F%3Fview%3Ddetail%26sort%3Drelease_date%2Cdesc%26title_type%3Dmovie%2Cshort%2Cvideo%2CtvShort%2CtvMovie%2CtvSpecial%26start%3D1&amp;folderName=IMDB+Christmas+Movies",return)</action>
		</shortcut>
	<shortcut>
		<defaultID />
		<label>Xmas Spirit Movies</label>
		<label2>Video Add-On</label2>
		<icon>DefaultShortcut.png</icon>
		<thumb>image://https%3a%2f%2fi.imgur.com%2fpmyCOx7.png/</thumb>
		<action>ActivateWindow(Videos,"plugin://plugin.video.fen/?name=Movies+%7C+1990-2024+%7C+En+Include+Keywords+Christmas+Spirit&amp;mode=build_movie_list&amp;action=tmdb_movies_discover&amp;query=https%3A%2F%2Fapi.themoviedb.org%2F3%2Fdiscover%2Fmovie%3Fapi_key%3Db370b60447737762ca38457bd77579b3%26language%3Den-US%26with_original_language%3Den%26page%3D%25s%26primary_release_date.gte%3D1990-01-01%26primary_release_date.lte%3D2024-12-31%26with_keywords%3D193048%26with_original_language%3Den%26region%3DUS&amp;iconImage=movies&amp;menu_item=%7B%22name%22%3A+%22%5BB%5DMovies%5B%2FB%5D+%7C+1990-2024+%7C+EN+%7C+United+States+%7C+include+keywords%3A+CHRISTMAS+SPIRIT+%22%2C+%22mode%22%3A+%22build_movie_list%22%2C+%22action%22%3A+%22tmdb_movies_discover%22%2C+%22query%22%3A+%22https%3A%2F%2Fapi.themoviedb.org%2F3%2Fdiscover%2Fmovie%3Fapi_key%3Db370b60447737762ca38457bd77579b3%26language%3Den-US%26with_original_language%3Den%26page%3D%25s%26primary_release_date.gte%3D1990-01-01%26primary_release_date.lte%3D2024-12-31%26with_keywords%3D193048%26with_original_language%3Den%26region%3DUS%22%2C+%22iconImage%22%3A+%22discover%22%7D&amp;external_list_item=True",return)</action>
		</shortcut>
	<shortcut>
		<defaultID />
		<label>Xmas Songs Playlist</label>
		<label2>Custom item</label2>
		<icon>DefaultShortcut.png</icon>
		<thumb>image://https%3a%2f%2ffiledn.com%2fl0jm1ttNAy54e9NylPPsPVk%2fDocs%2fPics%2fChristmas%2fsanta.png/</thumb>
		<action>ActivateWindow(Videos,"plugin://plugin.video.youtube/playlist/PL1DsjHUe6R6hXY_bdYTMsBx0nOUBuhCCR/?category_label=SP-chrismas-songs",return)</action>
		</shortcut>
	<shortcut>
		<defaultID />
		<label>Fireplace Playlist</label>
		<label2>Video Add-On</label2>
		<icon>DefaultShortcut.png</icon>
		<thumb>image://https%3a%2f%2ffiledn.com%2fl0jm1ttNAy54e9NylPPsPVk%2fDocs%2fPics%2fChristmas%2fsanta.png/</thumb>
		<action>ActivateWindow(Videos,"plugin://plugin.video.youtube/playlist/PL1DsjHUe6R6jugzfHMOC48GA3uy95IV_I/?category_label=Hwiz-Xmas-Fireplaces",return)</action>
		</shortcut>
	</shortcuts>
