<?xml version="1.0" encoding="UTF-8"?>
<window>
	<defaultcontrol always="true">10</defaultcontrol>
	<onload>SetProperty(Window.HasSettings,True,Home)</onload>
	<onload>ClearProperty(MediaMenu,Home)</onload>
	<onunload>ClearProperty(MediaMenu,Home)</onunload>
	<onunload>ClearProperty(Window.HasSettings,Home)</onunload>
	<views>10</views>
	<menucontrol>9051</menucontrol>
	<controls>
		<control type="label" id="29">
			<include>HiddenObject</include>
		</control>
		<control type="label" id="30">
			<include>HiddenObject</include>
		</control>
		<control type="group">
			<visible>[!String.IsEmpty(Skin.String(StartupIntro)) + String.IsEmpty(Window(Home).Property(Playing.StartupIntro))] | String.IsEmpty(Skin.String(StartupIntro))</visible>
			<include>CommonBackground</include>
			<control type="group">
				<include>DialogOpenCloseAnimation</include>
				<include condition="String.IsEmpty(Skin.String(LiveTV.EpgViewType))">EpgTimelineStandard</include>
				<include condition="String.IsEqual(Skin.String(LiveTV.EpgViewType),1)">EpgTimelineMinified</include>
				<include condition="!Skin.HasSetting(Disable.ScrollLabel)">ScrollOffsetLabel</include>
			</control>
			<include>PVRBackgroundDim</include>
			<include>Topbar</include>
			<include>PVRMediaMenu</include>
			<control type="label">
				<left>60</left>
				<top>60</top>
				<width>915</width>
				<height>60</height>
				<label>$INFO[PVR.ChannelNumberInput]</label>
				<font>font_MainMenu</font>
				<shadowcolor>black</shadowcolor>
				<visible>!String.IsEmpty(PVR.ChannelNumberInput)</visible>
			</control>
		</control>
	</controls>
</window>