<?xml version="1.0" encoding="UTF-8" standalone="yes"?>
<addon id="plugin.video.tvlive" name="[B][COLOR teal]TV Live Streams[/B][/COLOR]" version="3.1.5" provider-name="[B][COLOR teal]The Hood[/B][/COLOR]">
  <extension point="xbmc.python.pluginsource"
			library="default.py">
		<provides>video</provides>
  </extension>
  <extension point="xbmc.addon.metadata">
	<summary lang="en">[COLOR teal]An IPTV addon written to work with XC and XCUI for Kodi.[/COLOR] </summary>
	<language>en</language>
	<description lang="en">[COLOR teal]This addon does not supply nor provide any illegal content[/COLOR]</description>
	<platform>all</platform>
	<assets>
		<icon>icon.png</icon>
		<fanart>fanart.jpg</fanart>
	</assets>
  </extension>
</addon>