{

  "32024":"https://magnetic.website/NIGHTWINGLITEICONS/NIGHTWINGLITEFANART.jpg",
  "32025":"https://magnetic.website/NIGHTWINGLITEICONS/NIGHTWINGLITEFANART.jpg",
  "32026":"https://magnetic.website/NIGHTWINGLITEICONS/NIGHTWINGLITEFANART.jpg",
  "32027":"https://magnetic.website/NIGHTWINGLITEICONS/NIGHTWINGLITEFANART.jpg",
  "32020":"https://magnetic.website/NIGHTWINGLITEICONS/NIGHTWINGLITEFANART.jpg",
  "32021":"https://magnetic.website/NIGHTWINGLITEICONS/NIGHTWINGLITEFANART.jpg",
  "32022":"https://magnetic.website/NIGHTWINGLITEICONS/NIGHTWINGLITEFANART.jpg",
  "32028":"https://magnetic.website/NIGHTWINGLITEICONS/NIGHTWINGLITEFANART.jpg",
  "32029":"https://magnetic.website/NIGHTWINGLITEICONS/NIGHTWINGLITEFANART.jpg",
  "32030":"https://magnetic.website/NIGHTWINGLITEICONS/NIGHTWINGLITEFANART.jpg",
  "32031":"https://magnetic.website/NIGHTWINGLITEICONS/NIGHTWINGLITEFANART.jpg",
  "32032":"https://magnetic.website/NIGHTWINGLITEICONS/NIGHTWINGLITEFANART.jpg",
  "32033":"https://magnetic.website/NIGHTWINGLITEICONS/NIGHTWINGLITEFANART.jpg",
  "32034":"https://magnetic.website/NIGHTWINGLITEICONS/NIGHTWINGLITEFANART.jpg",
  "32309":"https://magnetic.website/NIGHTWINGLITEICONS/NIGHTWINGLITEFANART.jpg",
  "32295":"https://magnetic.website/NIGHTWINGLITEICONS/NIGHTWINGLITEFANART.jpg",
  "32036":"https://magnetic.website/NIGHTWINGLITEICONS/NIGHTWINGLITEFANART.jpg",
  "32037":"https://magnetic.website/NIGHTWINGLITEICONS/NIGHTWINGLITEFANART.jpg",
  "32038":"https://magnetic.website/NIGHTWINGLITEICONS/NIGHTWINGLITEFANART.jpg",
  "32039":"https://magnetic.website/NIGHTWINGLITEICONS/NIGHTWINGLITEFANART.jpg",
  "32040":"https://magnetic.website/NIGHTWINGLITEICONS/NIGHTWINGLITEFANART.jpg",
  "32041":"https://magnetic.website/NIGHTWINGLITEICONS/NIGHTWINGLITEFANART.jpg",
  "32042":"https://magnetic.website/NIGHTWINGLITEICONS/NIGHTWINGLITEFANART.jpg",
  "32043":"https://magnetic.website/NIGHTWINGLITEICONS/NIGHTWINGLITEFANART.jpg",
  "32044":"https://magnetic.website/NIGHTWINGLITEICONS/NIGHTWINGLITEFANART.jpg",
  "32045":"https://magnetic.website/NIGHTWINGLITEICONS/NIGHTWINGLITEFANART.jpg",
  "32046":"https://magnetic.website/NIGHTWINGLITEICONS/NIGHTWINGLITEFANART.jpg",
  "32047":"https://magnetic.website/NIGHTWINGLITEICONS/NIGHTWINGLITEFANART.jpg",
  "32023":"https://magnetic.website/NIGHTWINGLITEICONS/NIGHTWINGLITEFANART.jpg",
  "32012":"https://magnetic.website/NIGHTWINGLITEICONS/NIGHTWINGLITEFANART.jpg",
  "32013":"https://magnetic.website/NIGHTWINGLITEICONS/NIGHTWINGLITEFANART.jpg",
  "32014":"https://magnetic.website/NIGHTWINGLITEICONS/NIGHTWINGLITEFANART.jpg",
  "32015":"https://magnetic.website/NIGHTWINGLITEICONS/NIGHTWINGLITEFANART.jpg",
  "32016":"https://magnetic.website/NIGHTWINGLITEICONS/NIGHTWINGLITEFANART.jpg",
  "32017":"https://magnetic.website/NIGHTWINGLITEICONS/NIGHTWINGLITEFANART.jpg",
  "32018":"https://magnetic.website/NIGHTWINGLITEICONS/NIGHTWINGLITEFANART.jpg",
  "32019":"https://magnetic.website/NIGHTWINGLITEICONS/NIGHTWINGLITEFANART.jpg",
  "32313":"https://magnetic.website/NIGHTWINGLITEICONS/NIGHTWINGLITEFANART.jpg"
 
  

}