
<window>
    <coordinates>
        <system>1</system>
        <posx>0</posx>
        <posy>0</posy>
     </coordinates>
	<animation effect="fade" time="250">WindowOpen</animation>
    <animation effect="fade" time="250">WindowClose</animation>

    <controls>
	
		<control type="group" id="1000">
			<posx>0</posx>
			<posy>0</posy> 
			
			<control type="image">
					<description>Background image</description>
					<posx>0</posx>
					<posy>0</posy>
					<width>100%</width>
					<height>100%</height>
					<texture border="20">DialogBack.png</texture>       
				</control>
			
				
			
			<control type="image" id="1">
					<posx>0</posx>
					<posy>-60</posy>
					<width>100%</width>
					<height>100%</height>
					<colordiffuse>9ffffff0</colordiffuse>
					<animation effect="zoom" start="50" end="220" time="60000" tween="sine" easing="inout" center="800,500" condition="true" loop="true">Conditional</animation>
					<animation effect="zoom" start="220" end="50" time="60000" tween="sine" easing="inout" center="800,300" condition="true" loop="true">Conditional</animation>
					
					<visible>true</visible>
			</control>
			
			<control type="image" id="5002">
					<posx>720</posx>
					<posy>200</posy>
					<width>500</width>
					<height>200</height>
					
					<animation effect="fade" start="20" time="2000" condition="true" pulse="true">Conditional</animation>
					
					<visible>true</visible>
				</control>
			
			<control type="image" id="5003">
					<posx>900</posx>
					<posy>800</posy>
					<width>100</width>
					<height>100</height>
					
					<animation effect="fade" start="20" time="2000" condition="true" pulse="true">Conditional</animation>
					<texture>play3.png</texture>       
					<visible>true</visible>
				</control>
			<control type="label" id="5">
				<description>My First label</description>
				<posx>180</posx>
				<posy>900</posy>
				
				<visible>true</visible>
				
				<align>center</align>
				<scroll>false</scroll>
				
				
				<haspath>false</haspath>
				<font>font-40</font>
				<textcolor>FFB2D4F5</textcolor>
				<morbiuscolor>ff000000</morbiuscolor>
				<wrapmultiline>false</wrapmultiline>
				<scrollspeed>50</scrollspeed>
				<scrollsuffix> - </scrollsuffix>
		  </control>
			
		</control>
    </controls>
</window>